"DeviceID","Camera","MajorPin","Pinmediatype","Major","Sub","Bitrate","Framesize","Framerate","Aspect","Interlace"
"BOOK1","IR","Pin 0 Preview","0","MFMediaType_Video","MFVideoFormat_NV12","221184000","480x640","60/1","1:1","MFVideoInterlace_Progressive"
"BOOK1","IR","Pin 1 Capture","0","MFMediaType_Video","MFVideoFormat_NV12","221184000","480x640","60/1","1:1","MFVideoInterlace_Progressive"
"BOOK1","IR","Pin 2 Still","0","MFMediaType_Video","MFVideoFormat_NV12","221184000","480x640","60/1","1:1","MFVideoInterlace_Progressive"
"BOOK1","IR","Pin 2 Still","1","MFMediaType_Image","MFImageFormat_JPEG",,"480x640",,,
"BOOK1","FFC","Pin 0 Preview","0","MFMediaType_Video","MFVideoFormat_NV12","746496000","1920x1080","30/1","1:1","MFVideoInterlace_Progressive"
"BOOK1","FFC","Pin 0 Preview","1","MFMediaType_Video","MFVideoFormat_NV12","82944000","640x360","30/1","1:1","MFVideoInterlace_Progressive"
"BOOK1","FFC","Pin 0 Preview","2","MFMediaType_Video","MFVideoFormat_NV12","110592000","640x480","30/1","1:1","MFVideoInterlace_Progressive"
"BOOK1","FFC","Pin 0 Preview","3","MFMediaType_Video","MFVideoFormat_NV12","147456000","640x640","30/1","1:1","MFVideoInterlace_Progressive"
"BOOK1","FFC","Pin 0 Preview","4","MFMediaType_Video","MFVideoFormat_NV12","331776000","1280x720","30/1","1:1","MFVideoInterlace_Progressive"
"BOOK1","FFC","Pin 0 Preview","5","MFMediaType_Video","MFVideoFormat_NV12","884736000","1920x1280","30/1","1:1","MFVideoInterlace_Progressive"
"BOOK1","FFC","Pin 0 Preview","6","MFMediaType_Video","MFVideoFormat_NV12","995328000","1920x1440","30/1","1:1","MFVideoInterlace_Progressive"
"BOOK1","FFC","Pin 0 Preview","7","MFMediaType_Video","MFVideoFormat_NV12","41472000","640x360","15/1","1:1","MFVideoInterlace_Progressive"
"BOOK1","FFC","Pin 0 Preview","8","MFMediaType_Video","MFVideoFormat_NV12","55296000","640x480","15/1","1:1","MFVideoInterlace_Progressive"
"BOOK1","FFC","Pin 0 Preview","9","MFMediaType_Video","MFVideoFormat_NV12","73728000","640x640","15/1","1:1","MFVideoInterlace_Progressive"
"BOOK1","FFC","Pin 0 Preview","10","MFMediaType_Video","MFVideoFormat_NV12","165888000","1280x720","15/1","1:1","MFVideoInterlace_Progressive"
"BOOK1","FFC","Pin 0 Preview","11","MFMediaType_Video","MFVideoFormat_NV12","373248000","1920x1080","15/1","1:1","MFVideoInterlace_Progressive"
"BOOK1","FFC","Pin 0 Preview","12","MFMediaType_Video","MFVideoFormat_NV12","442368000","1920x1280","15/1","1:1","MFVideoInterlace_Progressive"
"BOOK1","FFC","Pin 0 Preview","13","MFMediaType_Video","MFVideoFormat_NV12","497664000","1920x1440","15/1","1:1","MFVideoInterlace_Progressive"
"BOOK1","FFC","Pin 1 Capture","0","MFMediaType_Video","MFVideoFormat_NV12","746496000","1920x1080","30/1","1:1","MFVideoInterlace_Progressive"
"BOOK1","FFC","Pin 1 Capture","1","MFMediaType_Video","MFVideoFormat_NV12","82944000","640x360","30/1","1:1","MFVideoInterlace_Progressive"
"BOOK1","FFC","Pin 1 Capture","2","MFMediaType_Video","MFVideoFormat_NV12","110592000","640x480","30/1","1:1","MFVideoInterlace_Progressive"
"BOOK1","FFC","Pin 1 Capture","3","MFMediaType_Video","MFVideoFormat_NV12","147456000","640x640","30/1","1:1","MFVideoInterlace_Progressive"
"BOOK1","FFC","Pin 1 Capture","4","MFMediaType_Video","MFVideoFormat_NV12","331776000","1280x720","30/1","1:1","MFVideoInterlace_Progressive"
"BOOK1","FFC","Pin 1 Capture","5","MFMediaType_Video","MFVideoFormat_NV12","41472000","640x360","15/1","1:1","MFVideoInterlace_Progressive"
"BOOK1","FFC","Pin 1 Capture","6","MFMediaType_Video","MFVideoFormat_NV12","55296000","640x480","15/1","1:1","MFVideoInterlace_Progressive"
"BOOK1","FFC","Pin 1 Capture","7","MFMediaType_Video","MFVideoFormat_NV12","73728000","640x640","15/1","1:1","MFVideoInterlace_Progressive"
"BOOK1","FFC","Pin 1 Capture","8","MFMediaType_Video","MFVideoFormat_NV12","165888000","1280x720","15/1","1:1","MFVideoInterlace_Progressive"
"BOOK1","FFC","Pin 1 Capture","9","MFMediaType_Video","MFVideoFormat_NV12","373248000","1920x1080","15/1","1:1","MFVideoInterlace_Progressive"
"BOOK1","FFC","Pin 2 Still","0","MFMediaType_Video","MFVideoFormat_NV12","1327104000","2560x1440","30/1","1:1","MFVideoInterlace_Progressive"
"BOOK1","FFC","Pin 2 Still","1","MFMediaType_Image","MFImageFormat_JPEG",,"2560x1440",,,
"BOOK1","FFC","Pin 2 Still","2","MFMediaType_Video","MFVideoFormat_NV12","1572249600","2560x1706","30/1","1:1","MFVideoInterlace_Progressive"
"BOOK1","FFC","Pin 2 Still","3","MFMediaType_Image","MFImageFormat_JPEG",,"2560x1706",,,
"BOOK1","FFC","Pin 2 Still","4","MFMediaType_Video","MFVideoFormat_NV12","1769472000","2560x1920","30/1","1:1","MFVideoInterlace_Progressive"
"BOOK1","FFC","Pin 2 Still","5","MFMediaType_Image","MFImageFormat_JPEG",,"2560x1920",,,
"BOOK1","FFC","Pin 2 Still","6","MFMediaType_Video","MFVideoFormat_NV12","663552000","2560x1440","15/1","1:1","MFVideoInterlace_Progressive"
"BOOK1","FFC","Pin 2 Still","7","MFMediaType_Image","MFImageFormat_JPEG",,"2560x1440",,,
"BOOK1","FFC","Pin 2 Still","8","MFMediaType_Video","MFVideoFormat_NV12","786124800","2560x1706","15/1","1:1","MFVideoInterlace_Progressive"
"BOOK1","FFC","Pin 2 Still","9","MFMediaType_Image","MFImageFormat_JPEG",,"2560x1706",,,
"BOOK1","FFC","Pin 2 Still","10","MFMediaType_Video","MFVideoFormat_NV12","884736000","2560x1920","15/1","1:1","MFVideoInterlace_Progressive"
"BOOK1","FFC","Pin 2 Still","11","MFMediaType_Image","MFImageFormat_JPEG",,"2560x1920",,,
"BOOK1","RFC","Pin 0 Preview","0","MFMediaType_Video","MFVideoFormat_NV12","746496000","1920x1080","30/1","1:1","MFVideoInterlace_Progressive"
"BOOK1","RFC","Pin 0 Preview","1","MFMediaType_Video","MFVideoFormat_NV12","82944000","640x360","30/1","1:1","MFVideoInterlace_Progressive"
"BOOK1","RFC","Pin 0 Preview","2","MFMediaType_Video","MFVideoFormat_NV12","110592000","640x480","30/1","1:1","MFVideoInterlace_Progressive"
"BOOK1","RFC","Pin 0 Preview","3","MFMediaType_Video","MFVideoFormat_NV12","147456000","640x640","30/1","1:1","MFVideoInterlace_Progressive"
"BOOK1","RFC","Pin 0 Preview","4","MFMediaType_Video","MFVideoFormat_NV12","331776000","1280x720","30/1","1:1","MFVideoInterlace_Progressive"
"BOOK1","RFC","Pin 0 Preview","5","MFMediaType_Video","MFVideoFormat_NV12","884736000","1920x1280","30/1","1:1","MFVideoInterlace_Progressive"
"BOOK1","RFC","Pin 0 Preview","6","MFMediaType_Video","MFVideoFormat_NV12","995328000","1920x1440","30/1","1:1","MFVideoInterlace_Progressive"
"BOOK1","RFC","Pin 0 Preview","7","MFMediaType_Video","MFVideoFormat_NV12","41472000","640x360","15/1","1:1","MFVideoInterlace_Progressive"
"BOOK1","RFC","Pin 0 Preview","8","MFMediaType_Video","MFVideoFormat_NV12","55296000","640x480","15/1","1:1","MFVideoInterlace_Progressive"
"BOOK1","RFC","Pin 0 Preview","9","MFMediaType_Video","MFVideoFormat_NV12","73728000","640x640","15/1","1:1","MFVideoInterlace_Progressive"
"BOOK1","RFC","Pin 0 Preview","10","MFMediaType_Video","MFVideoFormat_NV12","165888000","1280x720","15/1","1:1","MFVideoInterlace_Progressive"
"BOOK1","RFC","Pin 0 Preview","11","MFMediaType_Video","MFVideoFormat_NV12","373248000","1920x1080","15/1","1:1","MFVideoInterlace_Progressive"
"BOOK1","RFC","Pin 0 Preview","12","MFMediaType_Video","MFVideoFormat_NV12","442368000","1920x1280","15/1","1:1","MFVideoInterlace_Progressive"
"BOOK1","RFC","Pin 0 Preview","13","MFMediaType_Video","MFVideoFormat_NV12","497664000","1920x1440","15/1","1:1","MFVideoInterlace_Progressive"
"BOOK1","RFC","Pin 1 Capture","0","MFMediaType_Video","MFVideoFormat_NV12","746496000","1920x1080","30/1","1:1","MFVideoInterlace_Progressive"
"BOOK1","RFC","Pin 1 Capture","1","MFMediaType_Video","MFVideoFormat_NV12","82944000","640x360","30/1","1:1","MFVideoInterlace_Progressive"
"BOOK1","RFC","Pin 1 Capture","2","MFMediaType_Video","MFVideoFormat_NV12","110592000","640x480","30/1","1:1","MFVideoInterlace_Progressive"
"BOOK1","RFC","Pin 1 Capture","3","MFMediaType_Video","MFVideoFormat_NV12","147456000","640x640","30/1","1:1","MFVideoInterlace_Progressive"
"BOOK1","RFC","Pin 1 Capture","4","MFMediaType_Video","MFVideoFormat_NV12","331776000","1280x720","30/1","1:1","MFVideoInterlace_Progressive"
"BOOK1","RFC","Pin 1 Capture","5","MFMediaType_Video","MFVideoFormat_NV12","41472000","640x360","15/1","1:1","MFVideoInterlace_Progressive"
"BOOK1","RFC","Pin 1 Capture","6","MFMediaType_Video","MFVideoFormat_NV12","55296000","640x480","15/1","1:1","MFVideoInterlace_Progressive"
"BOOK1","RFC","Pin 1 Capture","7","MFMediaType_Video","MFVideoFormat_NV12","73728000","640x640","15/1","1:1","MFVideoInterlace_Progressive"
"BOOK1","RFC","Pin 1 Capture","8","MFMediaType_Video","MFVideoFormat_NV12","165888000","1280x720","15/1","1:1","MFVideoInterlace_Progressive"
"BOOK1","RFC","Pin 1 Capture","9","MFMediaType_Video","MFVideoFormat_NV12","373248000","1920x1080","15/1","1:1","MFVideoInterlace_Progressive"
"BOOK1","RFC","Pin 2 Still","0","MFMediaType_Video","MFVideoFormat_NV12","2137593856","3264x1836","30/1","1:1","MFVideoInterlace_Progressive"
"BOOK1","RFC","Pin 2 Still","1","MFMediaType_Image","MFImageFormat_JPEG",,"3264x1836",,,
"BOOK1","RFC","Pin 2 Still","2","MFMediaType_Video","MFVideoFormat_NV12","1738080256","3264x2176","30/1","1:1","MFVideoInterlace_Progressive"
"BOOK1","RFC","Pin 2 Still","3","MFMediaType_Image","MFImageFormat_JPEG",,"3264x2176",,,
"BOOK1","RFC","Pin 2 Still","4","MFMediaType_Video","MFVideoFormat_NV12","1418469376","3264x2448","30/1","1:1","MFVideoInterlace_Progressive"
"BOOK1","RFC","Pin 2 Still","5","MFMediaType_Image","MFImageFormat_JPEG",,"3264x2448",,,
"BOOK1","RFC","Pin 2 Still","6","MFMediaType_Video","MFVideoFormat_NV12","1078686720","3264x1836","15/1","1:1","MFVideoInterlace_Progressive"
"BOOK1","RFC","Pin 2 Still","7","MFMediaType_Image","MFImageFormat_JPEG",,"3264x1836",,,
"BOOK1","RFC","Pin 2 Still","8","MFMediaType_Video","MFVideoFormat_NV12","1278443520","3264x2176","15/1","1:1","MFVideoInterlace_Progressive"
"BOOK1","RFC","Pin 2 Still","9","MFMediaType_Image","MFImageFormat_JPEG",,"3264x2176",,,
"BOOK1","RFC","Pin 2 Still","10","MFMediaType_Video","MFVideoFormat_NV12","1438248960","3264x2448","15/1","1:1","MFVideoInterlace_Progressive"
"BOOK1","RFC","Pin 2 Still","11","MFMediaType_Image","MFImageFormat_JPEG",,"3264x2448",,,
"GO1","IR","Pin 0 Preview","0","MFMediaType_Video","MFVideoFormat_NV12","221184000","640x480","60/1","1:1","MFVideoInterlace_Progressive"
"GO1","IR","Pin 1 Capture","0","MFMediaType_Video","MFVideoFormat_NV12","221184000","640x480","60/1","1:1","MFVideoInterlace_Progressive"
"GO1","IR","Pin 2 Still","0","MFMediaType_Video","MFVideoFormat_NV12","221184000","640x480","60/1","1:1","MFVideoInterlace_Progressive"
"GO1","IR","Pin 2 Still","1","MFMediaType_Image","MFImageFormat_JPEG",,"640x480",,,
"GO1","FFC","Pin 0 Preview","0","MFMediaType_Video","MFVideoFormat_NV12","746496000","1920x1080","30/1","1:1","MFVideoInterlace_Progressive"
"GO1","FFC","Pin 0 Preview","1","MFMediaType_Video","MFVideoFormat_YUY2","995328000","1920x1080","30/1","1:1","MFVideoInterlace_Progressive"
"GO1","FFC","Pin 0 Preview","2","MFMediaType_Video","MFVideoFormat_NV12","82944000","640x360","30/1","1:1","MFVideoInterlace_Progressive"
"GO1","FFC","Pin 0 Preview","3","MFMediaType_Video","MFVideoFormat_YUY2","110592000","640x360","30/1","1:1","MFVideoInterlace_Progressive"
"GO1","FFC","Pin 0 Preview","4","MFMediaType_Video","MFVideoFormat_NV12","110592000","640x480","30/1","1:1","MFVideoInterlace_Progressive"
"GO1","FFC","Pin 0 Preview","5","MFMediaType_Video","MFVideoFormat_YUY2","147456000","640x480","30/1","1:1","MFVideoInterlace_Progressive"
"GO1","FFC","Pin 0 Preview","6","MFMediaType_Video","MFVideoFormat_NV12","147456000","640x640","30/1","1:1","MFVideoInterlace_Progressive"
"GO1","FFC","Pin 0 Preview","7","MFMediaType_Video","MFVideoFormat_YUY2","196608000","640x640","30/1","1:1","MFVideoInterlace_Progressive"
"GO1","FFC","Pin 0 Preview","8","MFMediaType_Video","MFVideoFormat_NV12","331776000","1280x720","30/1","1:1","MFVideoInterlace_Progressive"
"GO1","FFC","Pin 0 Preview","9","MFMediaType_Video","MFVideoFormat_YUY2","442368000","1280x720","30/1","1:1","MFVideoInterlace_Progressive"
"GO1","FFC","Pin 0 Preview","10","MFMediaType_Video","MFVideoFormat_NV12","884736000","1920x1280","30/1","1:1","MFVideoInterlace_Progressive"
"GO1","FFC","Pin 0 Preview","11","MFMediaType_Video","MFVideoFormat_YUY2","1179648000","1920x1280","30/1","1:1","MFVideoInterlace_Progressive"
"GO1","FFC","Pin 0 Preview","12","MFMediaType_Video","MFVideoFormat_NV12","995328000","1920x1440","30/1","1:1","MFVideoInterlace_Progressive"
"GO1","FFC","Pin 0 Preview","13","MFMediaType_Video","MFVideoFormat_YUY2","1327104000","1920x1440","30/1","1:1","MFVideoInterlace_Progressive"
"GO1","FFC","Pin 0 Preview","14","MFMediaType_Video","MFVideoFormat_NV12","41472000","640x360","15/1","1:1","MFVideoInterlace_Progressive"
"GO1","FFC","Pin 0 Preview","15","MFMediaType_Video","MFVideoFormat_YUY2","55296000","640x360","15/1","1:1","MFVideoInterlace_Progressive"
"GO1","FFC","Pin 0 Preview","16","MFMediaType_Video","MFVideoFormat_NV12","55296000","640x480","15/1","1:1","MFVideoInterlace_Progressive"
"GO1","FFC","Pin 0 Preview","17","MFMediaType_Video","MFVideoFormat_YUY2","73728000","640x480","15/1","1:1","MFVideoInterlace_Progressive"
"GO1","FFC","Pin 0 Preview","18","MFMediaType_Video","MFVideoFormat_NV12","73728000","640x640","15/1","1:1","MFVideoInterlace_Progressive"
"GO1","FFC","Pin 0 Preview","19","MFMediaType_Video","MFVideoFormat_YUY2","98304000","640x640","15/1","1:1","MFVideoInterlace_Progressive"
"GO1","FFC","Pin 0 Preview","20","MFMediaType_Video","MFVideoFormat_NV12","165888000","1280x720","15/1","1:1","MFVideoInterlace_Progressive"
"GO1","FFC","Pin 0 Preview","21","MFMediaType_Video","MFVideoFormat_YUY2","221184000","1280x720","15/1","1:1","MFVideoInterlace_Progressive"
"GO1","FFC","Pin 0 Preview","22","MFMediaType_Video","MFVideoFormat_NV12","373248000","1920x1080","15/1","1:1","MFVideoInterlace_Progressive"
"GO1","FFC","Pin 0 Preview","23","MFMediaType_Video","MFVideoFormat_YUY2","497664000","1920x1080","15/1","1:1","MFVideoInterlace_Progressive"
"GO1","FFC","Pin 0 Preview","24","MFMediaType_Video","MFVideoFormat_NV12","442368000","1920x1280","15/1","1:1","MFVideoInterlace_Progressive"
"GO1","FFC","Pin 0 Preview","25","MFMediaType_Video","MFVideoFormat_YUY2","589824000","1920x1280","15/1","1:1","MFVideoInterlace_Progressive"
"GO1","FFC","Pin 0 Preview","26","MFMediaType_Video","MFVideoFormat_NV12","497664000","1920x1440","15/1","1:1","MFVideoInterlace_Progressive"
"GO1","FFC","Pin 0 Preview","27","MFMediaType_Video","MFVideoFormat_YUY2","663552000","1920x1440","15/1","1:1","MFVideoInterlace_Progressive"
"GO1","FFC","Pin 1 Capture","0","MFMediaType_Video","MFVideoFormat_NV12","746496000","1920x1080","30/1","1:1","MFVideoInterlace_Progressive"
"GO1","FFC","Pin 1 Capture","1","MFMediaType_Video","MFVideoFormat_YUY2","995328000","1920x1080","30/1","1:1","MFVideoInterlace_Progressive"
"GO1","FFC","Pin 1 Capture","2","MFMediaType_Video","MFVideoFormat_NV12","82944000","640x360","30/1","1:1","MFVideoInterlace_Progressive"
"GO1","FFC","Pin 1 Capture","3","MFMediaType_Video","MFVideoFormat_YUY2","110592000","640x360","30/1","1:1","MFVideoInterlace_Progressive"
"GO1","FFC","Pin 1 Capture","4","MFMediaType_Video","MFVideoFormat_NV12","110592000","640x480","30/1","1:1","MFVideoInterlace_Progressive"
"GO1","FFC","Pin 1 Capture","5","MFMediaType_Video","MFVideoFormat_YUY2","147456000","640x480","30/1","1:1","MFVideoInterlace_Progressive"
"GO1","FFC","Pin 1 Capture","6","MFMediaType_Video","MFVideoFormat_NV12","147456000","640x640","30/1","1:1","MFVideoInterlace_Progressive"
"GO1","FFC","Pin 1 Capture","7","MFMediaType_Video","MFVideoFormat_YUY2","196608000","640x640","30/1","1:1","MFVideoInterlace_Progressive"
"GO1","FFC","Pin 1 Capture","8","MFMediaType_Video","MFVideoFormat_NV12","331776000","1280x720","30/1","1:1","MFVideoInterlace_Progressive"
"GO1","FFC","Pin 1 Capture","9","MFMediaType_Video","MFVideoFormat_YUY2","442368000","1280x720","30/1","1:1","MFVideoInterlace_Progressive"
"GO1","FFC","Pin 1 Capture","10","MFMediaType_Video","MFVideoFormat_NV12","41472000","640x360","15/1","1:1","MFVideoInterlace_Progressive"
"GO1","FFC","Pin 1 Capture","11","MFMediaType_Video","MFVideoFormat_YUY2","55296000","640x360","15/1","1:1","MFVideoInterlace_Progressive"
"GO1","FFC","Pin 1 Capture","12","MFMediaType_Video","MFVideoFormat_NV12","55296000","640x480","15/1","1:1","MFVideoInterlace_Progressive"
"GO1","FFC","Pin 1 Capture","13","MFMediaType_Video","MFVideoFormat_YUY2","73728000","640x480","15/1","1:1","MFVideoInterlace_Progressive"
"GO1","FFC","Pin 1 Capture","14","MFMediaType_Video","MFVideoFormat_NV12","73728000","640x640","15/1","1:1","MFVideoInterlace_Progressive"
"GO1","FFC","Pin 1 Capture","15","MFMediaType_Video","MFVideoFormat_YUY2","98304000","640x640","15/1","1:1","MFVideoInterlace_Progressive"
"GO1","FFC","Pin 1 Capture","16","MFMediaType_Video","MFVideoFormat_NV12","165888000","1280x720","15/1","1:1","MFVideoInterlace_Progressive"
"GO1","FFC","Pin 1 Capture","17","MFMediaType_Video","MFVideoFormat_YUY2","221184000","1280x720","15/1","1:1","MFVideoInterlace_Progressive"
"GO1","FFC","Pin 1 Capture","18","MFMediaType_Video","MFVideoFormat_NV12","373248000","1920x1080","15/1","1:1","MFVideoInterlace_Progressive"
"GO1","FFC","Pin 1 Capture","19","MFMediaType_Video","MFVideoFormat_YUY2","497664000","1920x1080","15/1","1:1","MFVideoInterlace_Progressive"
"GO1","FFC","Pin 2 Still","0","MFMediaType_Video","MFVideoFormat_NV12","1327104000","2560x1440","30/1","1:1","MFVideoInterlace_Progressive"
"GO1","FFC","Pin 2 Still","1","MFMediaType_Image","MFImageFormat_JPEG",,"2560x1440",,,
"GO1","FFC","Pin 2 Still","2","MFMediaType_Video","MFVideoFormat_NV12","1572249600","2560x1706","30/1","1:1","MFVideoInterlace_Progressive"
"GO1","FFC","Pin 2 Still","3","MFMediaType_Image","MFImageFormat_JPEG",,"2560x1706",,,
"GO1","FFC","Pin 2 Still","4","MFMediaType_Video","MFVideoFormat_NV12","1769472000","2560x1920","30/1","1:1","MFVideoInterlace_Progressive"
"GO1","FFC","Pin 2 Still","5","MFMediaType_Image","MFImageFormat_JPEG",,"2560x1920",,,
"GO1","FFC","Pin 2 Still","6","MFMediaType_Video","MFVideoFormat_NV12","663552000","2560x1440","15/1","1:1","MFVideoInterlace_Progressive"
"GO1","FFC","Pin 2 Still","7","MFMediaType_Image","MFImageFormat_JPEG",,"2560x1440",,,
"GO1","FFC","Pin 2 Still","8","MFMediaType_Video","MFVideoFormat_NV12","786124800","2560x1706","15/1","1:1","MFVideoInterlace_Progressive"
"GO1","FFC","Pin 2 Still","9","MFMediaType_Image","MFImageFormat_JPEG",,"2560x1706",,,
"GO1","FFC","Pin 2 Still","10","MFMediaType_Video","MFVideoFormat_NV12","884736000","2560x1920","15/1","1:1","MFVideoInterlace_Progressive"
"GO1","FFC","Pin 2 Still","11","MFMediaType_Image","MFImageFormat_JPEG",,"2560x1920",,,
"GO1","RFC","Pin 0 Preview","0","MFMediaType_Video","MFVideoFormat_NV12","746496000","1920x1080","30/1","1:1","MFVideoInterlace_Progressive"
"GO1","RFC","Pin 0 Preview","1","MFMediaType_Video","MFVideoFormat_YUY2","995328000","1920x1080","30/1","1:1","MFVideoInterlace_Progressive"
"GO1","RFC","Pin 0 Preview","2","MFMediaType_Video","MFVideoFormat_NV12","82944000","640x360","30/1","1:1","MFVideoInterlace_Progressive"
"GO1","RFC","Pin 0 Preview","3","MFMediaType_Video","MFVideoFormat_YUY2","110592000","640x360","30/1","1:1","MFVideoInterlace_Progressive"
"GO1","RFC","Pin 0 Preview","4","MFMediaType_Video","MFVideoFormat_NV12","110592000","640x480","30/1","1:1","MFVideoInterlace_Progressive"
"GO1","RFC","Pin 0 Preview","5","MFMediaType_Video","MFVideoFormat_YUY2","147456000","640x480","30/1","1:1","MFVideoInterlace_Progressive"
"GO1","RFC","Pin 0 Preview","6","MFMediaType_Video","MFVideoFormat_NV12","147456000","640x640","30/1","1:1","MFVideoInterlace_Progressive"
"GO1","RFC","Pin 0 Preview","7","MFMediaType_Video","MFVideoFormat_YUY2","196608000","640x640","30/1","1:1","MFVideoInterlace_Progressive"
"GO1","RFC","Pin 0 Preview","8","MFMediaType_Video","MFVideoFormat_NV12","331776000","1280x720","30/1","1:1","MFVideoInterlace_Progressive"
"GO1","RFC","Pin 0 Preview","9","MFMediaType_Video","MFVideoFormat_YUY2","442368000","1280x720","30/1","1:1","MFVideoInterlace_Progressive"
"GO1","RFC","Pin 0 Preview","10","MFMediaType_Video","MFVideoFormat_NV12","884736000","1920x1280","30/1","1:1","MFVideoInterlace_Progressive"
"GO1","RFC","Pin 0 Preview","11","MFMediaType_Video","MFVideoFormat_YUY2","1179648000","1920x1280","30/1","1:1","MFVideoInterlace_Progressive"
"GO1","RFC","Pin 0 Preview","12","MFMediaType_Video","MFVideoFormat_NV12","995328000","1920x1440","30/1","1:1","MFVideoInterlace_Progressive"
"GO1","RFC","Pin 0 Preview","13","MFMediaType_Video","MFVideoFormat_YUY2","1327104000","1920x1440","30/1","1:1","MFVideoInterlace_Progressive"
"GO1","RFC","Pin 0 Preview","14","MFMediaType_Video","MFVideoFormat_NV12","41472000","640x360","15/1","1:1","MFVideoInterlace_Progressive"
"GO1","RFC","Pin 0 Preview","15","MFMediaType_Video","MFVideoFormat_YUY2","55296000","640x360","15/1","1:1","MFVideoInterlace_Progressive"
"GO1","RFC","Pin 0 Preview","16","MFMediaType_Video","MFVideoFormat_NV12","55296000","640x480","15/1","1:1","MFVideoInterlace_Progressive"
"GO1","RFC","Pin 0 Preview","17","MFMediaType_Video","MFVideoFormat_YUY2","73728000","640x480","15/1","1:1","MFVideoInterlace_Progressive"
"GO1","RFC","Pin 0 Preview","18","MFMediaType_Video","MFVideoFormat_NV12","73728000","640x640","15/1","1:1","MFVideoInterlace_Progressive"
"GO1","RFC","Pin 0 Preview","19","MFMediaType_Video","MFVideoFormat_YUY2","98304000","640x640","15/1","1:1","MFVideoInterlace_Progressive"
"GO1","RFC","Pin 0 Preview","20","MFMediaType_Video","MFVideoFormat_NV12","165888000","1280x720","15/1","1:1","MFVideoInterlace_Progressive"
"GO1","RFC","Pin 0 Preview","21","MFMediaType_Video","MFVideoFormat_YUY2","221184000","1280x720","15/1","1:1","MFVideoInterlace_Progressive"
"GO1","RFC","Pin 0 Preview","22","MFMediaType_Video","MFVideoFormat_NV12","373248000","1920x1080","15/1","1:1","MFVideoInterlace_Progressive"
"GO1","RFC","Pin 0 Preview","23","MFMediaType_Video","MFVideoFormat_YUY2","497664000","1920x1080","15/1","1:1","MFVideoInterlace_Progressive"
"GO1","RFC","Pin 0 Preview","24","MFMediaType_Video","MFVideoFormat_NV12","442368000","1920x1280","15/1","1:1","MFVideoInterlace_Progressive"
"GO1","RFC","Pin 0 Preview","25","MFMediaType_Video","MFVideoFormat_YUY2","589824000","1920x1280","15/1","1:1","MFVideoInterlace_Progressive"
"GO1","RFC","Pin 0 Preview","26","MFMediaType_Video","MFVideoFormat_NV12","497664000","1920x1440","15/1","1:1","MFVideoInterlace_Progressive"
"GO1","RFC","Pin 0 Preview","27","MFMediaType_Video","MFVideoFormat_YUY2","663552000","1920x1440","15/1","1:1","MFVideoInterlace_Progressive"
"GO1","RFC","Pin 1 Capture","0","MFMediaType_Video","MFVideoFormat_NV12","746496000","1920x1080","30/1","1:1","MFVideoInterlace_Progressive"
"GO1","RFC","Pin 1 Capture","1","MFMediaType_Video","MFVideoFormat_YUY2","995328000","1920x1080","30/1","1:1","MFVideoInterlace_Progressive"
"GO1","RFC","Pin 1 Capture","2","MFMediaType_Video","MFVideoFormat_NV12","82944000","640x360","30/1","1:1","MFVideoInterlace_Progressive"
"GO1","RFC","Pin 1 Capture","3","MFMediaType_Video","MFVideoFormat_YUY2","110592000","640x360","30/1","1:1","MFVideoInterlace_Progressive"
"GO1","RFC","Pin 1 Capture","4","MFMediaType_Video","MFVideoFormat_NV12","110592000","640x480","30/1","1:1","MFVideoInterlace_Progressive"
"GO1","RFC","Pin 1 Capture","5","MFMediaType_Video","MFVideoFormat_YUY2","147456000","640x480","30/1","1:1","MFVideoInterlace_Progressive"
"GO1","RFC","Pin 1 Capture","6","MFMediaType_Video","MFVideoFormat_NV12","147456000","640x640","30/1","1:1","MFVideoInterlace_Progressive"
"GO1","RFC","Pin 1 Capture","7","MFMediaType_Video","MFVideoFormat_YUY2","196608000","640x640","30/1","1:1","MFVideoInterlace_Progressive"
"GO1","RFC","Pin 1 Capture","8","MFMediaType_Video","MFVideoFormat_NV12","331776000","1280x720","30/1","1:1","MFVideoInterlace_Progressive"
"GO1","RFC","Pin 1 Capture","9","MFMediaType_Video","MFVideoFormat_YUY2","442368000","1280x720","30/1","1:1","MFVideoInterlace_Progressive"
"GO1","RFC","Pin 1 Capture","10","MFMediaType_Video","MFVideoFormat_NV12","41472000","640x360","15/1","1:1","MFVideoInterlace_Progressive"
"GO1","RFC","Pin 1 Capture","11","MFMediaType_Video","MFVideoFormat_YUY2","55296000","640x360","15/1","1:1","MFVideoInterlace_Progressive"
"GO1","RFC","Pin 1 Capture","12","MFMediaType_Video","MFVideoFormat_NV12","55296000","640x480","15/1","1:1","MFVideoInterlace_Progressive"
"GO1","RFC","Pin 1 Capture","13","MFMediaType_Video","MFVideoFormat_YUY2","73728000","640x480","15/1","1:1","MFVideoInterlace_Progressive"
"GO1","RFC","Pin 1 Capture","14","MFMediaType_Video","MFVideoFormat_NV12","73728000","640x640","15/1","1:1","MFVideoInterlace_Progressive"
"GO1","RFC","Pin 1 Capture","15","MFMediaType_Video","MFVideoFormat_YUY2","98304000","640x640","15/1","1:1","MFVideoInterlace_Progressive"
"GO1","RFC","Pin 1 Capture","16","MFMediaType_Video","MFVideoFormat_NV12","165888000","1280x720","15/1","1:1","MFVideoInterlace_Progressive"
"GO1","RFC","Pin 1 Capture","17","MFMediaType_Video","MFVideoFormat_YUY2","221184000","1280x720","15/1","1:1","MFVideoInterlace_Progressive"
"GO1","RFC","Pin 1 Capture","18","MFMediaType_Video","MFVideoFormat_NV12","373248000","1920x1080","15/1","1:1","MFVideoInterlace_Progressive"
"GO1","RFC","Pin 1 Capture","19","MFMediaType_Video","MFVideoFormat_YUY2","497664000","1920x1080","15/1","1:1","MFVideoInterlace_Progressive"
"GO1","RFC","Pin 2 Still","0","MFMediaType_Video","MFVideoFormat_NV12","2137593856","3264x1836","30/1","1:1","MFVideoInterlace_Progressive"
"GO1","RFC","Pin 2 Still","1","MFMediaType_Image","MFImageFormat_JPEG",,"3264x1836",,,
"GO1","RFC","Pin 2 Still","2","MFMediaType_Video","MFVideoFormat_NV12","1738080256","3264x2176","30/1","1:1","MFVideoInterlace_Progressive"
"GO1","RFC","Pin 2 Still","3","MFMediaType_Image","MFImageFormat_JPEG",,"3264x2176",,,
"GO1","RFC","Pin 2 Still","4","MFMediaType_Video","MFVideoFormat_NV12","1418469376","3264x2448","30/1","1:1","MFVideoInterlace_Progressive"
"GO1","RFC","Pin 2 Still","5","MFMediaType_Image","MFImageFormat_JPEG",,"3264x2448",,,
"GO1","RFC","Pin 2 Still","6","MFMediaType_Video","MFVideoFormat_NV12","1078686720","3264x1836","15/1","1:1","MFVideoInterlace_Progressive"
"GO1","RFC","Pin 2 Still","7","MFMediaType_Image","MFImageFormat_JPEG",,"3264x1836",,,
"GO1","RFC","Pin 2 Still","8","MFMediaType_Video","MFVideoFormat_NV12","1278443520","3264x2176","15/1","1:1","MFVideoInterlace_Progressive"
"GO1","RFC","Pin 2 Still","9","MFMediaType_Image","MFImageFormat_JPEG",,"3264x2176",,,
"GO1","RFC","Pin 2 Still","10","MFMediaType_Video","MFVideoFormat_NV12","1438248960","3264x2448","15/1","1:1","MFVideoInterlace_Progressive"
"GO1","RFC","Pin 2 Still","11","MFMediaType_Image","MFImageFormat_JPEG",,"3264x2448",,,
"LAP1","IR","Pin 0 Preview","0","MFMediaType_Video","MFVideoFormat_NV12","221184000","640x480","60/1","1:1","MFVideoInterlace_Progressive"
"LAP1","IR","Pin 1 Capture","0","MFMediaType_Video","MFVideoFormat_NV12","221184000","640x480","60/1","1:1","MFVideoInterlace_Progressive"
"LAP1","IR","Pin 2 Still","0","MFMediaType_Video","MFVideoFormat_NV12","221184000","640x480","60/1","1:1","MFVideoInterlace_Progressive"
"LAP1","IR","Pin 2 Still","1","MFMediaType_Image","MFImageFormat_JPEG",,"640x480",,,
"LAP1","FFC","Pin 0 Preview","0","MFMediaType_Video","MFVideoFormat_NV12","82944000","640x360","30/1","1:1","MFVideoInterlace_Progressive"
"LAP1","FFC","Pin 0 Preview","1","MFMediaType_Video","MFVideoFormat_NV12","110592000","640x480","30/1","1:1","MFVideoInterlace_Progressive"
"LAP1","FFC","Pin 0 Preview","2","MFMediaType_Video","MFVideoFormat_NV12","147456000","640x640","30/1","1:1","MFVideoInterlace_Progressive"
"LAP1","FFC","Pin 0 Preview","3","MFMediaType_Video","MFVideoFormat_NV12","331776000","1280x720","30/1","1:1","MFVideoInterlace_Progressive"
"LAP1","FFC","Pin 0 Preview","4","MFMediaType_Video","MFVideoFormat_NV12","41472000","640x360","15/1","1:1","MFVideoInterlace_Progressive"
"LAP1","FFC","Pin 0 Preview","5","MFMediaType_Video","MFVideoFormat_NV12","55296000","640x480","15/1","1:1","MFVideoInterlace_Progressive"
"LAP1","FFC","Pin 0 Preview","6","MFMediaType_Video","MFVideoFormat_NV12","73728000","640x640","15/1","1:1","MFVideoInterlace_Progressive"
"LAP1","FFC","Pin 0 Preview","7","MFMediaType_Video","MFVideoFormat_NV12","165888000","1280x720","15/1","1:1","MFVideoInterlace_Progressive"
"LAP1","FFC","Pin 1 Capture","0","MFMediaType_Video","MFVideoFormat_NV12","82944000","640x360","30/1","1:1","MFVideoInterlace_Progressive"
"LAP1","FFC","Pin 1 Capture","1","MFMediaType_Video","MFVideoFormat_NV12","110592000","640x480","30/1","1:1","MFVideoInterlace_Progressive"
"LAP1","FFC","Pin 1 Capture","2","MFMediaType_Video","MFVideoFormat_NV12","147456000","640x640","30/1","1:1","MFVideoInterlace_Progressive"
"LAP1","FFC","Pin 1 Capture","3","MFMediaType_Video","MFVideoFormat_NV12","331776000","1280x720","30/1","1:1","MFVideoInterlace_Progressive"
"LAP1","FFC","Pin 1 Capture","4","MFMediaType_Video","MFVideoFormat_NV12","41472000","640x360","15/1","1:1","MFVideoInterlace_Progressive"
"LAP1","FFC","Pin 1 Capture","5","MFMediaType_Video","MFVideoFormat_NV12","55296000","640x480","15/1","1:1","MFVideoInterlace_Progressive"
"LAP1","FFC","Pin 1 Capture","6","MFMediaType_Video","MFVideoFormat_NV12","73728000","640x640","15/1","1:1","MFVideoInterlace_Progressive"
"LAP1","FFC","Pin 1 Capture","7","MFMediaType_Video","MFVideoFormat_NV12","165888000","1280x720","15/1","1:1","MFVideoInterlace_Progressive"
"LAP1","FFC","Pin 2 Still","0","MFMediaType_Video","MFVideoFormat_NV12","82944000","640x360","30/1","1:1","MFVideoInterlace_Progressive"
"LAP1","FFC","Pin 2 Still","1","MFMediaType_Image","MFImageFormat_JPEG",,"640x360",,,
"LAP1","FFC","Pin 2 Still","2","MFMediaType_Video","MFVideoFormat_NV12","110592000","640x480","30/1","1:1","MFVideoInterlace_Progressive"
"LAP1","FFC","Pin 2 Still","3","MFMediaType_Image","MFImageFormat_JPEG",,"640x480",,,
"LAP1","FFC","Pin 2 Still","4","MFMediaType_Video","MFVideoFormat_NV12","147456000","640x640","30/1","1:1","MFVideoInterlace_Progressive"
"LAP1","FFC","Pin 2 Still","5","MFMediaType_Image","MFImageFormat_JPEG",,"640x640",,,
"LAP1","FFC","Pin 2 Still","6","MFMediaType_Video","MFVideoFormat_NV12","331776000","1280x720","30/1","1:1","MFVideoInterlace_Progressive"
"LAP1","FFC","Pin 2 Still","7","MFMediaType_Image","MFImageFormat_JPEG",,"1280x720",,,
"LAP1","FFC","Pin 2 Still","8","MFMediaType_Video","MFVideoFormat_NV12","41472000","640x360","15/1","1:1","MFVideoInterlace_Progressive"
"LAP1","FFC","Pin 2 Still","9","MFMediaType_Image","MFImageFormat_JPEG",,"640x360",,,
"LAP1","FFC","Pin 2 Still","10","MFMediaType_Video","MFVideoFormat_NV12","55296000","640x480","15/1","1:1","MFVideoInterlace_Progressive"
"LAP1","FFC","Pin 2 Still","11","MFMediaType_Image","MFImageFormat_JPEG",,"640x480",,,
"LAP1","FFC","Pin 2 Still","12","MFMediaType_Video","MFVideoFormat_NV12","73728000","640x640","15/1","1:1","MFVideoInterlace_Progressive"
"LAP1","FFC","Pin 2 Still","13","MFMediaType_Image","MFImageFormat_JPEG",,"640x640",,,
"LAP1","FFC","Pin 2 Still","14","MFMediaType_Video","MFVideoFormat_NV12","165888000","1280x720","15/1","1:1","MFVideoInterlace_Progressive"
"LAP1","FFC","Pin 2 Still","15","MFMediaType_Image","MFImageFormat_JPEG",,"1280x720",,,
"PRO3","FFC","Pin 0 Capture","0","MFMediaType_Video","MFVideoFormat_YUY2","110592000","640x360","30/1","1:1","MFVideoInterlace_Progressive"
"PRO3","FFC","Pin 0 Capture","1","MFMediaType_Video","MFVideoFormat_YUY2","110592000","640x360","15/1","1:1","MFVideoInterlace_Progressive"
"PRO3","FFC","Pin 0 Capture","2","MFMediaType_Video","MFVideoFormat_YUY2","147456000","640x480","30/1","1:1","MFVideoInterlace_Progressive"
"PRO3","FFC","Pin 0 Capture","3","MFMediaType_Video","MFVideoFormat_YUY2","147456000","640x480","15/1","1:1","MFVideoInterlace_Progressive"
"PRO3","FFC","Pin 0 Capture","4","MFMediaType_Video","MFVideoFormat_YUY2","62208000","480x270","30/1","1:1","MFVideoInterlace_Progressive"
"PRO3","FFC","Pin 0 Capture","5","MFMediaType_Video","MFVideoFormat_YUY2","62208000","480x270","15/1","1:1","MFVideoInterlace_Progressive"
"PRO3","FFC","Pin 0 Capture","6","MFMediaType_Video","MFVideoFormat_YUY2","48844800","424x240","30/1","1:1","MFVideoInterlace_Progressive"
"PRO3","FFC","Pin 0 Capture","7","MFMediaType_Video","MFVideoFormat_YUY2","48844800","424x240","15/1","1:1","MFVideoInterlace_Progressive"
"PRO3","FFC","Pin 0 Capture","8","MFMediaType_Video","MFVideoFormat_YUY2","36864000","320x240","30/1","1:1","MFVideoInterlace_Progressive"
"PRO3","FFC","Pin 0 Capture","9","MFMediaType_Video","MFVideoFormat_YUY2","36864000","320x240","15/1","1:1","MFVideoInterlace_Progressive"
"PRO3","FFC","Pin 0 Capture","10","MFMediaType_Video","MFVideoFormat_YUY2","27648000","320x180","30/1","1:1","MFVideoInterlace_Progressive"
"PRO3","FFC","Pin 0 Capture","11","MFMediaType_Video","MFVideoFormat_YUY2","27648000","320x180","15/1","1:1","MFVideoInterlace_Progressive"
"PRO3","FFC","Pin 0 Capture","12","MFMediaType_Video","MFVideoFormat_YUY2","9216000","160x120","30/1","1:1","MFVideoInterlace_Progressive"
"PRO3","FFC","Pin 0 Capture","13","MFMediaType_Video","MFVideoFormat_YUY2","9216000","160x120","15/1","1:1","MFVideoInterlace_Progressive"
"PRO3","FFC","Pin 0 Capture","14","MFMediaType_Video","MFVideoFormat_YUY2","195379200","848x480","30/1","1:1","MFVideoInterlace_Progressive"
"PRO3","FFC","Pin 0 Capture","15","MFMediaType_Video","MFVideoFormat_YUY2","195379200","848x480","15/1","1:1","MFVideoInterlace_Progressive"
"PRO3","FFC","Pin 0 Capture","16","MFMediaType_Video","MFVideoFormat_YUY2","995328000","1920x1080","30/1","1:1","MFVideoInterlace_Progressive"
"PRO3","FFC","Pin 0 Capture","17","MFMediaType_Video","MFVideoFormat_YUY2","497664000","1920x1080","15/1","1:1","MFVideoInterlace_Progressive"
"PRO3","FFC","Pin 0 Capture","18","MFMediaType_Video","MFVideoFormat_YUY2","442368000","1280x720","30/1","1:1","MFVideoInterlace_Progressive"
"PRO3","FFC","Pin 0 Capture","19","MFMediaType_Video","MFVideoFormat_YUY2","221184000","1280x720","15/1","1:1","MFVideoInterlace_Progressive"
"PRO3","FFC","Pin 0 Capture","20","MFMediaType_Video","MFVideoFormat_YUY2","248832000","960x540","30/1","1:1","MFVideoInterlace_Progressive"
"PRO3","FFC","Pin 0 Capture","21","MFMediaType_Video","MFVideoFormat_YUY2","124416000","960x540","15/1","1:1","MFVideoInterlace_Progressive"
"PRO3","FFC","Pin 0 Capture","22","MFMediaType_Video","MFVideoFormat_YUY2","1209323520","2592x1944","15/1","1:1","MFVideoInterlace_Progressive"
"PRO3","FFC","Pin 0 Capture","23","MFMediaType_Video","MFVideoFormat_YUY2","1074954240","2592x1728","15/1","1:1","MFVideoInterlace_Progressive"
"PRO3","FFC","Pin 0 Capture","24","MFMediaType_Video","MFVideoFormat_YUY2","537477120","1296x864","30/1","1:1","MFVideoInterlace_Progressive"
"PRO3","FFC","Pin 0 Capture","25","MFMediaType_Video","MFVideoFormat_YUY2","268738560","1296x864","15/1","1:1","MFVideoInterlace_Progressive"
"PRO3","FFC","Pin 1 Capture","0","MFMediaType_Video","MFVideoFormat_H264","11000000","1920x1080","30/1","1:1","MFVideoInterlace_Progressive"
"PRO3","FFC","Pin 1 Capture","1","MFMediaType_Video","MFVideoFormat_H264","11000000","1920x1080","15/1","1:1","MFVideoInterlace_Progressive"
"PRO3","FFC","Pin 1 Capture","2","MFMediaType_Video","MFVideoFormat_H264","11000000","1920x1080","30/1","1:1","MFVideoInterlace_Progressive"
"PRO3","FFC","Pin 1 Capture","3","MFMediaType_Video","MFVideoFormat_H264","11000000","1920x1080","15/1","1:1","MFVideoInterlace_Progressive"
"PRO3","FFC","Pin 1 Capture","4","MFMediaType_Video","MFVideoFormat_H264","7500000","1280x720","30/1","1:1","MFVideoInterlace_Progressive"
"PRO3","FFC","Pin 1 Capture","5","MFMediaType_Video","MFVideoFormat_H264","7500000","1280x720","15/1","1:1","MFVideoInterlace_Progressive"
"PRO3","FFC","Pin 1 Capture","6","MFMediaType_Video","MFVideoFormat_H264","7500000","1280x720","30/1","1:1","MFVideoInterlace_Progressive"
"PRO3","FFC","Pin 1 Capture","7","MFMediaType_Video","MFVideoFormat_H264","7500000","1280x720","15/1","1:1","MFVideoInterlace_Progressive"
"PRO3","FFC","Pin 1 Capture","8","MFMediaType_Video","MFVideoFormat_H264","7000000","960x540","30/1","1:1","MFVideoInterlace_Progressive"
"PRO3","FFC","Pin 1 Capture","9","MFMediaType_Video","MFVideoFormat_H264","7000000","960x540","15/1","1:1","MFVideoInterlace_Progressive"
"PRO3","FFC","Pin 1 Capture","10","MFMediaType_Video","MFVideoFormat_H264","7000000","960x540","30/1","1:1","MFVideoInterlace_Progressive"
"PRO3","FFC","Pin 1 Capture","11","MFMediaType_Video","MFVideoFormat_H264","7000000","960x540","15/1","1:1","MFVideoInterlace_Progressive"
"PRO3","FFC","Pin 1 Capture","12","MFMediaType_Video","MFVideoFormat_H264","7000000","848x480","30/1","1:1","MFVideoInterlace_Progressive"
"PRO3","FFC","Pin 1 Capture","13","MFMediaType_Video","MFVideoFormat_H264","7000000","848x480","15/1","1:1","MFVideoInterlace_Progressive"
"PRO3","FFC","Pin 1 Capture","14","MFMediaType_Video","MFVideoFormat_H264","7000000","848x480","30/1","1:1","MFVideoInterlace_Progressive"
"PRO3","FFC","Pin 1 Capture","15","MFMediaType_Video","MFVideoFormat_H264","7000000","848x480","15/1","1:1","MFVideoInterlace_Progressive"
"PRO3","FFC","Pin 1 Capture","16","MFMediaType_Video","MFVideoFormat_H264","5000000","640x480","30/1","1:1","MFVideoInterlace_Progressive"
"PRO3","FFC","Pin 1 Capture","17","MFMediaType_Video","MFVideoFormat_H264","5000000","640x480","15/1","1:1","MFVideoInterlace_Progressive"
"PRO3","FFC","Pin 1 Capture","18","MFMediaType_Video","MFVideoFormat_H264","5000000","640x480","30/1","1:1","MFVideoInterlace_Progressive"
"PRO3","FFC","Pin 1 Capture","19","MFMediaType_Video","MFVideoFormat_H264","5000000","640x480","15/1","1:1","MFVideoInterlace_Progressive"
"PRO3","FFC","Pin 1 Capture","20","MFMediaType_Video","MFVideoFormat_H264","5000000","640x360","30/1","1:1","MFVideoInterlace_Progressive"
"PRO3","FFC","Pin 1 Capture","21","MFMediaType_Video","MFVideoFormat_H264","5000000","640x360","15/1","1:1","MFVideoInterlace_Progressive"
"PRO3","FFC","Pin 1 Capture","22","MFMediaType_Video","MFVideoFormat_H264","5000000","640x360","30/1","1:1","MFVideoInterlace_Progressive"
"PRO3","FFC","Pin 1 Capture","23","MFMediaType_Video","MFVideoFormat_H264","5000000","640x360","15/1","1:1","MFVideoInterlace_Progressive"
"PRO3","FFC","Pin 1 Capture","24","MFMediaType_Video","MFVideoFormat_H264","2000000","480x270","30/1","1:1","MFVideoInterlace_Progressive"
"PRO3","FFC","Pin 1 Capture","25","MFMediaType_Video","MFVideoFormat_H264","2000000","480x270","15/1","1:1","MFVideoInterlace_Progressive"
"PRO3","FFC","Pin 1 Capture","26","MFMediaType_Video","MFVideoFormat_H264","2000000","480x270","30/1","1:1","MFVideoInterlace_Progressive"
"PRO3","FFC","Pin 1 Capture","27","MFMediaType_Video","MFVideoFormat_H264","2000000","480x270","15/1","1:1","MFVideoInterlace_Progressive"
"PRO3","FFC","Pin 1 Capture","28","MFMediaType_Video","MFVideoFormat_H264","2000000","424x240","30/1","1:1","MFVideoInterlace_Progressive"
"PRO3","FFC","Pin 1 Capture","29","MFMediaType_Video","MFVideoFormat_H264","2000000","424x240","15/1","1:1","MFVideoInterlace_Progressive"
"PRO3","FFC","Pin 1 Capture","30","MFMediaType_Video","MFVideoFormat_H264","2000000","424x240","30/1","1:1","MFVideoInterlace_Progressive"
"PRO3","FFC","Pin 1 Capture","31","MFMediaType_Video","MFVideoFormat_H264","2000000","424x240","15/1","1:1","MFVideoInterlace_Progressive"
"PRO3","FFC","Pin 1 Capture","32","MFMediaType_Video","MFVideoFormat_H264","1000000","320x240","30/1","1:1","MFVideoInterlace_Progressive"
"PRO3","FFC","Pin 1 Capture","33","MFMediaType_Video","MFVideoFormat_H264","1000000","320x240","15/1","1:1","MFVideoInterlace_Progressive"
"PRO3","FFC","Pin 1 Capture","34","MFMediaType_Video","MFVideoFormat_H264","1000000","320x240","30/1","1:1","MFVideoInterlace_Progressive"
"PRO3","FFC","Pin 1 Capture","35","MFMediaType_Video","MFVideoFormat_H264","1000000","320x240","15/1","1:1","MFVideoInterlace_Progressive"
"PRO3","FFC","Pin 1 Capture","36","MFMediaType_Video","MFVideoFormat_H264","1000000","320x180","30/1","1:1","MFVideoInterlace_Progressive"
"PRO3","FFC","Pin 1 Capture","37","MFMediaType_Video","MFVideoFormat_H264","1000000","320x180","15/1","1:1","MFVideoInterlace_Progressive"
"PRO3","FFC","Pin 1 Capture","38","MFMediaType_Video","MFVideoFormat_H264","1000000","320x180","30/1","1:1","MFVideoInterlace_Progressive"
"PRO3","FFC","Pin 1 Capture","39","MFMediaType_Video","MFVideoFormat_H264","1000000","320x180","15/1","1:1","MFVideoInterlace_Progressive"
"PRO3","FFC","Pin 1 Capture","40","MFMediaType_Video","MFVideoFormat_H264","1000000","160x120","30/1","1:1","MFVideoInterlace_Progressive"
"PRO3","FFC","Pin 1 Capture","41","MFMediaType_Video","MFVideoFormat_H264","1000000","160x120","15/1","1:1","MFVideoInterlace_Progressive"
"PRO3","FFC","Pin 1 Capture","42","MFMediaType_Video","MFVideoFormat_H264","1000000","160x120","30/1","1:1","MFVideoInterlace_Progressive"
"PRO3","FFC","Pin 1 Capture","43","MFMediaType_Video","MFVideoFormat_H264","1000000","160x120","15/1","1:1","MFVideoInterlace_Progressive"
"PRO3","RFC","Pin 0 Capture","0","MFMediaType_Video","MFVideoFormat_YUY2","110592000","640x360","30/1","1:1","MFVideoInterlace_Progressive"
"PRO3","RFC","Pin 0 Capture","1","MFMediaType_Video","MFVideoFormat_YUY2","110592000","640x360","15/1","1:1","MFVideoInterlace_Progressive"
"PRO3","RFC","Pin 0 Capture","2","MFMediaType_Video","MFVideoFormat_YUY2","147456000","640x480","30/1","1:1","MFVideoInterlace_Progressive"
"PRO3","RFC","Pin 0 Capture","3","MFMediaType_Video","MFVideoFormat_YUY2","147456000","640x480","15/1","1:1","MFVideoInterlace_Progressive"
"PRO3","RFC","Pin 0 Capture","4","MFMediaType_Video","MFVideoFormat_YUY2","62208000","480x270","30/1","1:1","MFVideoInterlace_Progressive"
"PRO3","RFC","Pin 0 Capture","5","MFMediaType_Video","MFVideoFormat_YUY2","62208000","480x270","15/1","1:1","MFVideoInterlace_Progressive"
"PRO3","RFC","Pin 0 Capture","6","MFMediaType_Video","MFVideoFormat_YUY2","48844800","424x240","30/1","1:1","MFVideoInterlace_Progressive"
"PRO3","RFC","Pin 0 Capture","7","MFMediaType_Video","MFVideoFormat_YUY2","48844800","424x240","15/1","1:1","MFVideoInterlace_Progressive"
"PRO3","RFC","Pin 0 Capture","8","MFMediaType_Video","MFVideoFormat_YUY2","36864000","320x240","30/1","1:1","MFVideoInterlace_Progressive"
"PRO3","RFC","Pin 0 Capture","9","MFMediaType_Video","MFVideoFormat_YUY2","36864000","320x240","15/1","1:1","MFVideoInterlace_Progressive"
"PRO3","RFC","Pin 0 Capture","10","MFMediaType_Video","MFVideoFormat_YUY2","27648000","320x180","30/1","1:1","MFVideoInterlace_Progressive"
"PRO3","RFC","Pin 0 Capture","11","MFMediaType_Video","MFVideoFormat_YUY2","27648000","320x180","15/1","1:1","MFVideoInterlace_Progressive"
"PRO3","RFC","Pin 0 Capture","12","MFMediaType_Video","MFVideoFormat_YUY2","9216000","160x120","30/1","1:1","MFVideoInterlace_Progressive"
"PRO3","RFC","Pin 0 Capture","13","MFMediaType_Video","MFVideoFormat_YUY2","9216000","160x120","15/1","1:1","MFVideoInterlace_Progressive"
"PRO3","RFC","Pin 0 Capture","14","MFMediaType_Video","MFVideoFormat_YUY2","161243136","2592x1944","2/1","1:1","MFVideoInterlace_Progressive"
"PRO3","RFC","Pin 0 Capture","15","MFMediaType_Video","MFVideoFormat_YUY2","195379200","848x480","30/1","1:1","MFVideoInterlace_Progressive"
"PRO3","RFC","Pin 0 Capture","16","MFMediaType_Video","MFVideoFormat_YUY2","195379200","848x480","15/1","1:1","MFVideoInterlace_Progressive"
"PRO3","RFC","Pin 0 Capture","17","MFMediaType_Video","MFVideoFormat_NV12","0","1920x1080","30/1","1:1","MFVideoInterlace_Progressive"
"PRO3","RFC","Pin 0 Capture","18","MFMediaType_Video","MFVideoFormat_MJPG","1080","1920x1080","30/1","1:1","MFVideoInterlace_Progressive"
"PRO3","RFC","Pin 0 Capture","19","MFMediaType_Video","MFVideoFormat_NV12","0","1920x1080","15/1","1:1","MFVideoInterlace_Progressive"
"PRO3","RFC","Pin 0 Capture","20","MFMediaType_Video","MFVideoFormat_MJPG","1080","1920x1080","15/1","1:1","MFVideoInterlace_Progressive"
"PRO3","RFC","Pin 0 Capture","21","MFMediaType_Video","MFVideoFormat_NV12","0","1280x720","30/1","1:1","MFVideoInterlace_Progressive"
"PRO3","RFC","Pin 0 Capture","22","MFMediaType_Video","MFVideoFormat_MJPG","720","1280x720","30/1","1:1","MFVideoInterlace_Progressive"
"PRO3","RFC","Pin 0 Capture","23","MFMediaType_Video","MFVideoFormat_NV12","0","1280x720","15/1","1:1","MFVideoInterlace_Progressive"
"PRO3","RFC","Pin 0 Capture","24","MFMediaType_Video","MFVideoFormat_MJPG","720","1280x720","15/1","1:1","MFVideoInterlace_Progressive"
"PRO3","RFC","Pin 0 Capture","25","MFMediaType_Video","MFVideoFormat_NV12","0","960x540","30/1","1:1","MFVideoInterlace_Progressive"
"PRO3","RFC","Pin 0 Capture","26","MFMediaType_Video","MFVideoFormat_MJPG","540","960x540","30/1","1:1","MFVideoInterlace_Progressive"
"PRO3","RFC","Pin 0 Capture","27","MFMediaType_Video","MFVideoFormat_NV12","0","960x540","15/1","1:1","MFVideoInterlace_Progressive"
"PRO3","RFC","Pin 0 Capture","28","MFMediaType_Video","MFVideoFormat_MJPG","540","960x540","15/1","1:1","MFVideoInterlace_Progressive"
"PRO3","RFC","Pin 0 Capture","29","MFMediaType_Video","MFVideoFormat_NV12","0","2592x1944","15/1","1:1","MFVideoInterlace_Progressive"
"PRO3","RFC","Pin 0 Capture","30","MFMediaType_Video","MFVideoFormat_MJPG","1944","2592x1944","15/1","1:1","MFVideoInterlace_Progressive"
"PRO3","RFC","Pin 0 Capture","31","MFMediaType_Video","MFVideoFormat_NV12","0","2592x1728","15/1","1:1","MFVideoInterlace_Progressive"
"PRO3","RFC","Pin 0 Capture","32","MFMediaType_Video","MFVideoFormat_MJPG","1728","2592x1728","15/1","1:1","MFVideoInterlace_Progressive"
"PRO3","RFC","Pin 0 Capture","33","MFMediaType_Video","MFVideoFormat_NV12","0","1296x864","30/1","1:1","MFVideoInterlace_Progressive"
"PRO3","RFC","Pin 0 Capture","34","MFMediaType_Video","MFVideoFormat_MJPG","864","1296x864","30/1","1:1","MFVideoInterlace_Progressive"
"PRO3","RFC","Pin 0 Capture","35","MFMediaType_Video","MFVideoFormat_NV12","0","1296x864","15/1","1:1","MFVideoInterlace_Progressive"
"PRO3","RFC","Pin 0 Capture","36","MFMediaType_Video","MFVideoFormat_MJPG","864","1296x864","15/1","1:1","MFVideoInterlace_Progressive"
"PRO3","RFC","Pin 1 Capture","0","MFMediaType_Video","MFVideoFormat_H264","11000000","1920x1080","30/1","1:1","MFVideoInterlace_Progressive"
"PRO3","RFC","Pin 1 Capture","1","MFMediaType_Video","MFVideoFormat_H264","11000000","1920x1080","15/1","1:1","MFVideoInterlace_Progressive"
"PRO3","RFC","Pin 1 Capture","2","MFMediaType_Video","MFVideoFormat_H264","11000000","1920x1080","30/1","1:1","MFVideoInterlace_Progressive"
"PRO3","RFC","Pin 1 Capture","3","MFMediaType_Video","MFVideoFormat_H264","11000000","1920x1080","15/1","1:1","MFVideoInterlace_Progressive"
"PRO3","RFC","Pin 1 Capture","4","MFMediaType_Video","MFVideoFormat_H264","7500000","1280x720","30/1","1:1","MFVideoInterlace_Progressive"
"PRO3","RFC","Pin 1 Capture","5","MFMediaType_Video","MFVideoFormat_H264","7500000","1280x720","15/1","1:1","MFVideoInterlace_Progressive"
"PRO3","RFC","Pin 1 Capture","6","MFMediaType_Video","MFVideoFormat_H264","7500000","1280x720","30/1","1:1","MFVideoInterlace_Progressive"
"PRO3","RFC","Pin 1 Capture","7","MFMediaType_Video","MFVideoFormat_H264","7500000","1280x720","15/1","1:1","MFVideoInterlace_Progressive"
"PRO3","RFC","Pin 1 Capture","8","MFMediaType_Video","MFVideoFormat_H264","7000000","960x540","30/1","1:1","MFVideoInterlace_Progressive"
"PRO3","RFC","Pin 1 Capture","9","MFMediaType_Video","MFVideoFormat_H264","7000000","960x540","15/1","1:1","MFVideoInterlace_Progressive"
"PRO3","RFC","Pin 1 Capture","10","MFMediaType_Video","MFVideoFormat_H264","7000000","960x540","30/1","1:1","MFVideoInterlace_Progressive"
"PRO3","RFC","Pin 1 Capture","11","MFMediaType_Video","MFVideoFormat_H264","7000000","960x540","15/1","1:1","MFVideoInterlace_Progressive"
"PRO3","RFC","Pin 1 Capture","12","MFMediaType_Video","MFVideoFormat_H264","7000000","848x480","30/1","1:1","MFVideoInterlace_Progressive"
"PRO3","RFC","Pin 1 Capture","13","MFMediaType_Video","MFVideoFormat_H264","7000000","848x480","15/1","1:1","MFVideoInterlace_Progressive"
"PRO3","RFC","Pin 1 Capture","14","MFMediaType_Video","MFVideoFormat_H264","7000000","848x480","30/1","1:1","MFVideoInterlace_Progressive"
"PRO3","RFC","Pin 1 Capture","15","MFMediaType_Video","MFVideoFormat_H264","7000000","848x480","15/1","1:1","MFVideoInterlace_Progressive"
"PRO3","RFC","Pin 1 Capture","16","MFMediaType_Video","MFVideoFormat_H264","5000000","640x480","30/1","1:1","MFVideoInterlace_Progressive"
"PRO3","RFC","Pin 1 Capture","17","MFMediaType_Video","MFVideoFormat_H264","5000000","640x480","15/1","1:1","MFVideoInterlace_Progressive"
"PRO3","RFC","Pin 1 Capture","18","MFMediaType_Video","MFVideoFormat_H264","5000000","640x480","30/1","1:1","MFVideoInterlace_Progressive"
"PRO3","RFC","Pin 1 Capture","19","MFMediaType_Video","MFVideoFormat_H264","5000000","640x480","15/1","1:1","MFVideoInterlace_Progressive"
"PRO3","RFC","Pin 1 Capture","20","MFMediaType_Video","MFVideoFormat_H264","5000000","640x360","30/1","1:1","MFVideoInterlace_Progressive"
"PRO3","RFC","Pin 1 Capture","21","MFMediaType_Video","MFVideoFormat_H264","5000000","640x360","15/1","1:1","MFVideoInterlace_Progressive"
"PRO3","RFC","Pin 1 Capture","22","MFMediaType_Video","MFVideoFormat_H264","5000000","640x360","30/1","1:1","MFVideoInterlace_Progressive"
"PRO3","RFC","Pin 1 Capture","23","MFMediaType_Video","MFVideoFormat_H264","5000000","640x360","15/1","1:1","MFVideoInterlace_Progressive"
"PRO3","RFC","Pin 1 Capture","24","MFMediaType_Video","MFVideoFormat_H264","2000000","480x270","30/1","1:1","MFVideoInterlace_Progressive"
"PRO3","RFC","Pin 1 Capture","25","MFMediaType_Video","MFVideoFormat_H264","2000000","480x270","15/1","1:1","MFVideoInterlace_Progressive"
"PRO3","RFC","Pin 1 Capture","26","MFMediaType_Video","MFVideoFormat_H264","2000000","480x270","30/1","1:1","MFVideoInterlace_Progressive"
"PRO3","RFC","Pin 1 Capture","27","MFMediaType_Video","MFVideoFormat_H264","2000000","480x270","15/1","1:1","MFVideoInterlace_Progressive"
"PRO3","RFC","Pin 1 Capture","28","MFMediaType_Video","MFVideoFormat_H264","2000000","424x240","30/1","1:1","MFVideoInterlace_Progressive"
"PRO3","RFC","Pin 1 Capture","29","MFMediaType_Video","MFVideoFormat_H264","2000000","424x240","15/1","1:1","MFVideoInterlace_Progressive"
"PRO3","RFC","Pin 1 Capture","30","MFMediaType_Video","MFVideoFormat_H264","2000000","424x240","30/1","1:1","MFVideoInterlace_Progressive"
"PRO3","RFC","Pin 1 Capture","31","MFMediaType_Video","MFVideoFormat_H264","2000000","424x240","15/1","1:1","MFVideoInterlace_Progressive"
"PRO3","RFC","Pin 1 Capture","32","MFMediaType_Video","MFVideoFormat_H264","1000000","320x240","30/1","1:1","MFVideoInterlace_Progressive"
"PRO3","RFC","Pin 1 Capture","33","MFMediaType_Video","MFVideoFormat_H264","1000000","320x240","15/1","1:1","MFVideoInterlace_Progressive"
"PRO3","RFC","Pin 1 Capture","34","MFMediaType_Video","MFVideoFormat_H264","1000000","320x240","30/1","1:1","MFVideoInterlace_Progressive"
"PRO3","RFC","Pin 1 Capture","35","MFMediaType_Video","MFVideoFormat_H264","1000000","320x240","15/1","1:1","MFVideoInterlace_Progressive"
"PRO3","RFC","Pin 1 Capture","36","MFMediaType_Video","MFVideoFormat_H264","1000000","320x180","30/1","1:1","MFVideoInterlace_Progressive"
"PRO3","RFC","Pin 1 Capture","37","MFMediaType_Video","MFVideoFormat_H264","1000000","320x180","15/1","1:1","MFVideoInterlace_Progressive"
"PRO3","RFC","Pin 1 Capture","38","MFMediaType_Video","MFVideoFormat_H264","1000000","320x180","30/1","1:1","MFVideoInterlace_Progressive"
"PRO3","RFC","Pin 1 Capture","39","MFMediaType_Video","MFVideoFormat_H264","1000000","320x180","15/1","1:1","MFVideoInterlace_Progressive"
"PRO3","RFC","Pin 1 Capture","40","MFMediaType_Video","MFVideoFormat_H264","1000000","160x120","30/1","1:1","MFVideoInterlace_Progressive"
"PRO3","RFC","Pin 1 Capture","41","MFMediaType_Video","MFVideoFormat_H264","1000000","160x120","15/1","1:1","MFVideoInterlace_Progressive"
"PRO3","RFC","Pin 1 Capture","42","MFMediaType_Video","MFVideoFormat_H264","1000000","160x120","30/1","1:1","MFVideoInterlace_Progressive"
"PRO3","RFC","Pin 1 Capture","43","MFMediaType_Video","MFVideoFormat_H264","1000000","160x120","15/1","1:1","MFVideoInterlace_Progressive"
"SELFHOST","FFC","Pin 0 Capture","0","MFMediaType_Video","MFVideoFormat_YUY2","147456000","640x480","30/1","1:1","MFVideoInterlace_Progressive"
"SELFHOST","FFC","Pin 0 Capture","1","MFMediaType_Video","MFVideoFormat_YUY2","27648000","320x180","30/1","1:1","MFVideoInterlace_Progressive"
"SELFHOST","FFC","Pin 0 Capture","2","MFMediaType_Video","MFVideoFormat_YUY2","36864000","320x240","30/1","1:1","MFVideoInterlace_Progressive"
"SELFHOST","FFC","Pin 0 Capture","3","MFMediaType_Video","MFVideoFormat_YUY2","48660480","352x288","30/1","1:1","MFVideoInterlace_Progressive"
"SELFHOST","FFC","Pin 0 Capture","4","MFMediaType_Video","MFVideoFormat_YUY2","48844800","424x240","30/1","1:1","MFVideoInterlace_Progressive"
"SELFHOST","FFC","Pin 0 Capture","5","MFMediaType_Video","MFVideoFormat_YUY2","110592000","640x360","30/1","1:1","MFVideoInterlace_Progressive"
"SELFHOST","FFC","Pin 0 Capture","6","MFMediaType_Video","MFVideoFormat_YUY2","130252800","848x480","20/1","1:1","MFVideoInterlace_Progressive"
"SELFHOST","FFC","Pin 0 Capture","7","MFMediaType_Video","MFVideoFormat_YUY2","124416000","960x540","15/1","1:1","MFVideoInterlace_Progressive"
"SELFHOST","FFC","Pin 0 Capture","8","MFMediaType_Video","MFVideoFormat_YUY2","147456000","1280x720","10/1","1:1","MFVideoInterlace_Progressive"
"SELFHOST","FFC","Pin 0 Capture","9","MFMediaType_Video","MFVideoFormat_YUY2","147456000","640x480","30/1","1:1","MFVideoInterlace_Progressive"
"SELFHOST","FFC","Pin 0 Capture","10","MFMediaType_Video","MFVideoFormat_NV12","0","640x480","30/1","1:1","MFVideoInterlace_Progressive"
"SELFHOST","FFC","Pin 0 Capture","11","MFMediaType_Video","MFVideoFormat_MJPG","480","640x480","30/1","1:1","MFVideoInterlace_Progressive"
"SELFHOST","FFC","Pin 0 Capture","12","MFMediaType_Video","MFVideoFormat_NV12","0","320x180","30/1","1:1","MFVideoInterlace_Progressive"
"SELFHOST","FFC","Pin 0 Capture","13","MFMediaType_Video","MFVideoFormat_MJPG","180","320x180","30/1","1:1","MFVideoInterlace_Progressive"
"SELFHOST","FFC","Pin 0 Capture","14","MFMediaType_Video","MFVideoFormat_NV12","0","320x240","30/1","1:1","MFVideoInterlace_Progressive"
"SELFHOST","FFC","Pin 0 Capture","15","MFMediaType_Video","MFVideoFormat_MJPG","240","320x240","30/1","1:1","MFVideoInterlace_Progressive"
"SELFHOST","FFC","Pin 0 Capture","16","MFMediaType_Video","MFVideoFormat_NV12","0","352x288","30/1","1:1","MFVideoInterlace_Progressive"
"SELFHOST","FFC","Pin 0 Capture","17","MFMediaType_Video","MFVideoFormat_MJPG","288","352x288","30/1","1:1","MFVideoInterlace_Progressive"
"SELFHOST","FFC","Pin 0 Capture","18","MFMediaType_Video","MFVideoFormat_NV12","0","424x240","30/1","1:1","MFVideoInterlace_Progressive"
"SELFHOST","FFC","Pin 0 Capture","19","MFMediaType_Video","MFVideoFormat_MJPG","240","424x240","30/1","1:1","MFVideoInterlace_Progressive"
"SELFHOST","FFC","Pin 0 Capture","20","MFMediaType_Video","MFVideoFormat_NV12","0","640x360","30/1","1:1","MFVideoInterlace_Progressive"
"SELFHOST","FFC","Pin 0 Capture","21","MFMediaType_Video","MFVideoFormat_MJPG","360","640x360","30/1","1:1","MFVideoInterlace_Progressive"
"SELFHOST","FFC","Pin 0 Capture","22","MFMediaType_Video","MFVideoFormat_NV12","0","848x480","30/1","1:1","MFVideoInterlace_Progressive"
"SELFHOST","FFC","Pin 0 Capture","23","MFMediaType_Video","MFVideoFormat_MJPG","480","848x480","30/1","1:1","MFVideoInterlace_Progressive"
"SELFHOST","FFC","Pin 0 Capture","24","MFMediaType_Video","MFVideoFormat_NV12","0","960x540","30/1","1:1","MFVideoInterlace_Progressive"
"SELFHOST","FFC","Pin 0 Capture","25","MFMediaType_Video","MFVideoFormat_MJPG","540","960x540","30/1","1:1","MFVideoInterlace_Progressive"
"SELFHOST","FFC","Pin 0 Capture","26","MFMediaType_Video","MFVideoFormat_NV12","0","1280x720","30/1","1:1","MFVideoInterlace_Progressive"
"SELFHOST","FFC","Pin 0 Capture","27","MFMediaType_Video","MFVideoFormat_MJPG","720","1280x720","30/1","1:1","MFVideoInterlace_Progressive"
"SELFHOST","FFC","Pin 0 Capture","28","MFMediaType_Video","MFVideoFormat_NV12","0","1280x720","15/1","1:1","MFVideoInterlace_Progressive"
"SELFHOST","FFC","Pin 0 Capture","29","MFMediaType_Video","MFVideoFormat_MJPG","720","1280x720","15/1","1:1","MFVideoInterlace_Progressive"
"SELFHOST","FFC","Pin 0 Capture","30","MFMediaType_Video","MFVideoFormat_NV12","0","1280x720","10/1","1:1","MFVideoInterlace_Progressive"
"SELFHOST","FFC","Pin 0 Capture","31","MFMediaType_Video","MFVideoFormat_MJPG","720","1280x720","10/1","1:1","MFVideoInterlace_Progressive"
"SELFHOST","FFC","Pin 0 Capture","32","MFMediaType_Video","MFVideoFormat_NV12","0","640x480","30/1","1:1","MFVideoInterlace_Progressive"
"SELFHOST","FFC","Pin 0 Capture","33","MFMediaType_Video","MFVideoFormat_MJPG","480","640x480","30/1","1:1","MFVideoInterlace_Progressive"
"SELFHOST","FFC","Pin 0 Capture","34","MFMediaType_Video","MFVideoFormat_RGB24","221184000","640x480","30/1","1:1","MFVideoInterlace_Progressive"
"SELFHOST","FFC","Pin 0 Capture","35","MFMediaType_Video","MFVideoFormat_RGB24","41472000","320x180","30/1","1:1","MFVideoInterlace_Progressive"
"SELFHOST","FFC","Pin 0 Capture","36","MFMediaType_Video","MFVideoFormat_RGB24","55296000","320x240","30/1","1:1","MFVideoInterlace_Progressive"
"SELFHOST","FFC","Pin 0 Capture","37","MFMediaType_Video","MFVideoFormat_RGB24","72990720","352x288","30/1","1:1","MFVideoInterlace_Progressive"
"SELFHOST","FFC","Pin 0 Capture","38","MFMediaType_Video","MFVideoFormat_RGB24","73267200","424x240","30/1","1:1","MFVideoInterlace_Progressive"
"SELFHOST","FFC","Pin 0 Capture","39","MFMediaType_Video","MFVideoFormat_RGB24","165888000","640x360","30/1","1:1","MFVideoInterlace_Progressive"
"SELFHOST","FFC","Pin 0 Capture","40","MFMediaType_Video","MFVideoFormat_RGB24","195379200","848x480","20/1","1:1","MFVideoInterlace_Progressive"
"SELFHOST","FFC","Pin 0 Capture","41","MFMediaType_Video","MFVideoFormat_RGB24","186624000","960x540","15/1","1:1","MFVideoInterlace_Progressive"
"SELFHOST","FFC","Pin 0 Capture","42","MFMediaType_Video","MFVideoFormat_RGB24","221184000","1280x720","10/1","1:1","MFVideoInterlace_Progressive"
"SELFHOST","FFC","Pin 0 Capture","43","MFMediaType_Video","MFVideoFormat_RGB24","221184000","640x480","30/1","1:1","MFVideoInterlace_Progressive"
"SELFHOST","FFC","Pin 1 Still-Dependent","0","MFMediaType_Video","MFVideoFormat_NV12","0","424x240","1/1","1:1","MFVideoInterlace_Progressive"
"SELFHOST","FFC","Pin 1 Still-Dependent","1","MFMediaType_Video","MFVideoFormat_MJPG","240","424x240","1/1","1:1","MFVideoInterlace_Progressive"
"SELFHOST","FFC","Pin 1 Still-Dependent","2","MFMediaType_Video","MFVideoFormat_YUY2","1622016","352x288","1/1","1:1","MFVideoInterlace_Progressive"
"SELFHOST","FFC","Pin 1 Still-Dependent","3","MFMediaType_Video","MFVideoFormat_YUY2","8294400","960x540","1/1","1:1","MFVideoInterlace_Progressive"
"SELFHOST","FFC","Pin 1 Still-Dependent","4","MFMediaType_Video","MFVideoFormat_YUY2","4915200","640x480","1/1","1:1","MFVideoInterlace_Progressive"
"SELFHOST","FFC","Pin 1 Still-Dependent","5","MFMediaType_Video","MFVideoFormat_YUY2","14745600","1280x720","1/1","1:1","MFVideoInterlace_Progressive"
"SELFHOST","FFC","Pin 1 Still-Dependent","6","MFMediaType_Video","MFVideoFormat_NV12","0","352x288","1/1","1:1","MFVideoInterlace_Progressive"
"SELFHOST","FFC","Pin 1 Still-Dependent","7","MFMediaType_Video","MFVideoFormat_MJPG","288","352x288","1/1","1:1","MFVideoInterlace_Progressive"
"SELFHOST","FFC","Pin 1 Still-Dependent","8","MFMediaType_Video","MFVideoFormat_YUY2","1228800","320x240","1/1","1:1","MFVideoInterlace_Progressive"
"SELFHOST","FFC","Pin 1 Still-Dependent","9","MFMediaType_Video","MFVideoFormat_YUY2","3686400","640x360","1/1","1:1","MFVideoInterlace_Progressive"
"SELFHOST","FFC","Pin 1 Still-Dependent","10","MFMediaType_Video","MFVideoFormat_NV12","0","640x480","1/1","1:1","MFVideoInterlace_Progressive"
"SELFHOST","FFC","Pin 1 Still-Dependent","11","MFMediaType_Video","MFVideoFormat_MJPG","480","640x480","1/1","1:1","MFVideoInterlace_Progressive"
"SELFHOST","FFC","Pin 1 Still-Dependent","12","MFMediaType_Video","MFVideoFormat_NV12","0","848x480","1/1","1:1","MFVideoInterlace_Progressive"
"SELFHOST","FFC","Pin 1 Still-Dependent","13","MFMediaType_Video","MFVideoFormat_MJPG","480","848x480","1/1","1:1","MFVideoInterlace_Progressive"
"SELFHOST","FFC","Pin 1 Still-Dependent","14","MFMediaType_Video","MFVideoFormat_NV12","0","640x480","1/1","1:1","MFVideoInterlace_Progressive"
"SELFHOST","FFC","Pin 1 Still-Dependent","15","MFMediaType_Video","MFVideoFormat_MJPG","480","640x480","1/1","1:1","MFVideoInterlace_Progressive"
"SELFHOST","FFC","Pin 1 Still-Dependent","16","MFMediaType_Video","MFVideoFormat_NV12","0","960x540","1/1","1:1","MFVideoInterlace_Progressive"
"SELFHOST","FFC","Pin 1 Still-Dependent","17","MFMediaType_Video","MFVideoFormat_MJPG","540","960x540","1/1","1:1","MFVideoInterlace_Progressive"
"SELFHOST","FFC","Pin 1 Still-Dependent","18","MFMediaType_Video","MFVideoFormat_YUY2","1628160","424x240","1/1","1:1","MFVideoInterlace_Progressive"
"SELFHOST","FFC","Pin 1 Still-Dependent","19","MFMediaType_Video","MFVideoFormat_YUY2","4915200","640x480","1/1","1:1","MFVideoInterlace_Progressive"
"SELFHOST","FFC","Pin 1 Still-Dependent","20","MFMediaType_Video","MFVideoFormat_NV12","0","1280x720","1/1","1:1","MFVideoInterlace_Progressive"
"SELFHOST","FFC","Pin 1 Still-Dependent","21","MFMediaType_Video","MFVideoFormat_MJPG","720","1280x720","1/1","1:1","MFVideoInterlace_Progressive"
"SELFHOST","FFC","Pin 1 Still-Dependent","22","MFMediaType_Video","MFVideoFormat_YUY2","6512640","848x480","1/1","1:1","MFVideoInterlace_Progressive"
"SELFHOST","FFC","Pin 1 Still-Dependent","23","MFMediaType_Video","MFVideoFormat_NV12","0","320x180","1/1","1:1","MFVideoInterlace_Progressive"
"SELFHOST","FFC","Pin 1 Still-Dependent","24","MFMediaType_Video","MFVideoFormat_MJPG","180","320x180","1/1","1:1","MFVideoInterlace_Progressive"
"SELFHOST","FFC","Pin 1 Still-Dependent","25","MFMediaType_Video","MFVideoFormat_NV12","0","640x360","1/1","1:1","MFVideoInterlace_Progressive"
"SELFHOST","FFC","Pin 1 Still-Dependent","26","MFMediaType_Video","MFVideoFormat_MJPG","360","640x360","1/1","1:1","MFVideoInterlace_Progressive"
"SELFHOST","FFC","Pin 1 Still-Dependent","27","MFMediaType_Video","MFVideoFormat_YUY2","921600","320x180","1/1","1:1","MFVideoInterlace_Progressive"
"SELFHOST","FFC","Pin 1 Still-Dependent","28","MFMediaType_Video","MFVideoFormat_NV12","0","320x240","1/1","1:1","MFVideoInterlace_Progressive"
"SELFHOST","FFC","Pin 1 Still-Dependent","29","MFMediaType_Video","MFVideoFormat_MJPG","240","320x240","1/1","1:1","MFVideoInterlace_Progressive"
"STUDIO1","IR","Pin 0 Capture","0","MFMediaType_Video","MFVideoFormat_NV12","0","640x480","60/1","1:1","MFVideoInterlace_Progressive"
"STUDIO1","IR","Pin 0 Capture","1","MFMediaType_Video","MFVideoFormat_MJPG","480","640x480","60/1","1:1","MFVideoInterlace_Progressive"
"STUDIO1","IR","Pin 0 Capture","2","MFMediaType_Video","MFVideoFormat_YUY2","147456000","640x480","30/1","1:1","MFVideoInterlace_Progressive"
"STUDIO1","IR","Pin 0 Capture","3","MFMediaType_Video","MFVideoFormat_YUY2","147456000","320x480","60/1","1:1","MFVideoInterlace_Progressive"
"STUDIO1","IR","Pin 0 Capture","4","MFMediaType_Video","MFVideoFormat_YUY2","147456000","320x480","10000000/1333333","1:1","MFVideoInterlace_Progressive"
"STUDIO1","FFC","Pin 0 Capture","0","MFMediaType_Video","MFVideoFormat_YUY2","110592000","640x360","30/1","1:1","MFVideoInterlace_Progressive"
"STUDIO1","FFC","Pin 0 Capture","1","MFMediaType_Video","MFVideoFormat_YUY2","110592000","640x360","15/1","1:1","MFVideoInterlace_Progressive"
"STUDIO1","FFC","Pin 0 Capture","2","MFMediaType_Video","MFVideoFormat_YUY2","147456000","640x480","30/1","1:1","MFVideoInterlace_Progressive"
"STUDIO1","FFC","Pin 0 Capture","3","MFMediaType_Video","MFVideoFormat_YUY2","147456000","640x480","15/1","1:1","MFVideoInterlace_Progressive"
"STUDIO1","FFC","Pin 0 Capture","4","MFMediaType_Video","MFVideoFormat_YUY2","62208000","480x270","30/1","1:1","MFVideoInterlace_Progressive"
"STUDIO1","FFC","Pin 0 Capture","5","MFMediaType_Video","MFVideoFormat_YUY2","62208000","480x270","15/1","1:1","MFVideoInterlace_Progressive"
"STUDIO1","FFC","Pin 0 Capture","6","MFMediaType_Video","MFVideoFormat_YUY2","48844800","424x240","30/1","1:1","MFVideoInterlace_Progressive"
"STUDIO1","FFC","Pin 0 Capture","7","MFMediaType_Video","MFVideoFormat_YUY2","48844800","424x240","15/1","1:1","MFVideoInterlace_Progressive"
"STUDIO1","FFC","Pin 0 Capture","8","MFMediaType_Video","MFVideoFormat_YUY2","36864000","320x240","30/1","1:1","MFVideoInterlace_Progressive"
"STUDIO1","FFC","Pin 0 Capture","9","MFMediaType_Video","MFVideoFormat_YUY2","36864000","320x240","15/1","1:1","MFVideoInterlace_Progressive"
"STUDIO1","FFC","Pin 0 Capture","10","MFMediaType_Video","MFVideoFormat_YUY2","27648000","320x180","30/1","1:1","MFVideoInterlace_Progressive"
"STUDIO1","FFC","Pin 0 Capture","11","MFMediaType_Video","MFVideoFormat_YUY2","27648000","320x180","15/1","1:1","MFVideoInterlace_Progressive"
"STUDIO1","FFC","Pin 0 Capture","12","MFMediaType_Video","MFVideoFormat_YUY2","9216000","160x120","30/1","1:1","MFVideoInterlace_Progressive"
"STUDIO1","FFC","Pin 0 Capture","13","MFMediaType_Video","MFVideoFormat_YUY2","9216000","160x120","15/1","1:1","MFVideoInterlace_Progressive"
"STUDIO1","FFC","Pin 0 Capture","14","MFMediaType_Video","MFVideoFormat_YUY2","195379200","848x480","30/1","1:1","MFVideoInterlace_Progressive"
"STUDIO1","FFC","Pin 0 Capture","15","MFMediaType_Video","MFVideoFormat_YUY2","195379200","848x480","15/1","1:1","MFVideoInterlace_Progressive"
"STUDIO1","FFC","Pin 0 Capture","16","MFMediaType_Video","MFVideoFormat_YUY2","995328000","1920x1080","30/1","1:1","MFVideoInterlace_Progressive"
"STUDIO1","FFC","Pin 0 Capture","17","MFMediaType_Video","MFVideoFormat_YUY2","497664000","1920x1080","15/1","1:1","MFVideoInterlace_Progressive"
"STUDIO1","FFC","Pin 0 Capture","18","MFMediaType_Video","MFVideoFormat_YUY2","442368000","1280x720","30/1","1:1","MFVideoInterlace_Progressive"
"STUDIO1","FFC","Pin 0 Capture","19","MFMediaType_Video","MFVideoFormat_YUY2","221184000","1280x720","15/1","1:1","MFVideoInterlace_Progressive"
"STUDIO1","FFC","Pin 0 Capture","20","MFMediaType_Video","MFVideoFormat_YUY2","248832000","960x540","30/1","1:1","MFVideoInterlace_Progressive"
"STUDIO1","FFC","Pin 0 Capture","21","MFMediaType_Video","MFVideoFormat_YUY2","124416000","960x540","15/1","1:1","MFVideoInterlace_Progressive"
"STUDIO1","FFC","Pin 0 Capture","22","MFMediaType_Video","MFVideoFormat_YUY2","1209323520","2592x1944","15/1","1:1","MFVideoInterlace_Progressive"
"STUDIO1","FFC","Pin 0 Capture","23","MFMediaType_Video","MFVideoFormat_YUY2","1074954240","2592x1728","15/1","1:1","MFVideoInterlace_Progressive"
"STUDIO1","FFC","Pin 0 Capture","24","MFMediaType_Video","MFVideoFormat_YUY2","537477120","1296x864","30/1","1:1","MFVideoInterlace_Progressive"
"STUDIO1","FFC","Pin 0 Capture","25","MFMediaType_Video","MFVideoFormat_YUY2","268738560","1296x864","15/1","1:1","MFVideoInterlace_Progressive"
"STUDIO1","FFC","Pin 1 Capture","0","MFMediaType_Video","MFVideoFormat_H264","11000000","1920x1080","30/1","1:1","MFVideoInterlace_Progressive"
"STUDIO1","FFC","Pin 1 Capture","1","MFMediaType_Video","MFVideoFormat_H264","11000000","1920x1080","15/1","1:1","MFVideoInterlace_Progressive"
"STUDIO1","FFC","Pin 1 Capture","2","MFMediaType_Video","MFVideoFormat_H264","11000000","1920x1080","30/1","1:1","MFVideoInterlace_Progressive"
"STUDIO1","FFC","Pin 1 Capture","3","MFMediaType_Video","MFVideoFormat_H264","11000000","1920x1080","15/1","1:1","MFVideoInterlace_Progressive"
"STUDIO1","FFC","Pin 1 Capture","4","MFMediaType_Video","MFVideoFormat_H264","7500000","1280x720","30/1","1:1","MFVideoInterlace_Progressive"
"STUDIO1","FFC","Pin 1 Capture","5","MFMediaType_Video","MFVideoFormat_H264","7500000","1280x720","15/1","1:1","MFVideoInterlace_Progressive"
"STUDIO1","FFC","Pin 1 Capture","6","MFMediaType_Video","MFVideoFormat_H264","7500000","1280x720","30/1","1:1","MFVideoInterlace_Progressive"
"STUDIO1","FFC","Pin 1 Capture","7","MFMediaType_Video","MFVideoFormat_H264","7500000","1280x720","15/1","1:1","MFVideoInterlace_Progressive"
"STUDIO1","FFC","Pin 1 Capture","8","MFMediaType_Video","MFVideoFormat_H264","7000000","960x540","30/1","1:1","MFVideoInterlace_Progressive"
"STUDIO1","FFC","Pin 1 Capture","9","MFMediaType_Video","MFVideoFormat_H264","7000000","960x540","15/1","1:1","MFVideoInterlace_Progressive"
"STUDIO1","FFC","Pin 1 Capture","10","MFMediaType_Video","MFVideoFormat_H264","7000000","960x540","30/1","1:1","MFVideoInterlace_Progressive"
"STUDIO1","FFC","Pin 1 Capture","11","MFMediaType_Video","MFVideoFormat_H264","7000000","960x540","15/1","1:1","MFVideoInterlace_Progressive"
"STUDIO1","FFC","Pin 1 Capture","12","MFMediaType_Video","MFVideoFormat_H264","7000000","848x480","30/1","1:1","MFVideoInterlace_Progressive"
"STUDIO1","FFC","Pin 1 Capture","13","MFMediaType_Video","MFVideoFormat_H264","7000000","848x480","15/1","1:1","MFVideoInterlace_Progressive"
"STUDIO1","FFC","Pin 1 Capture","14","MFMediaType_Video","MFVideoFormat_H264","7000000","848x480","30/1","1:1","MFVideoInterlace_Progressive"
"STUDIO1","FFC","Pin 1 Capture","15","MFMediaType_Video","MFVideoFormat_H264","7000000","848x480","15/1","1:1","MFVideoInterlace_Progressive"
"STUDIO1","FFC","Pin 1 Capture","16","MFMediaType_Video","MFVideoFormat_H264","5000000","640x480","30/1","1:1","MFVideoInterlace_Progressive"
"STUDIO1","FFC","Pin 1 Capture","17","MFMediaType_Video","MFVideoFormat_H264","5000000","640x480","15/1","1:1","MFVideoInterlace_Progressive"
"STUDIO1","FFC","Pin 1 Capture","18","MFMediaType_Video","MFVideoFormat_H264","5000000","640x480","30/1","1:1","MFVideoInterlace_Progressive"
"STUDIO1","FFC","Pin 1 Capture","19","MFMediaType_Video","MFVideoFormat_H264","5000000","640x480","15/1","1:1","MFVideoInterlace_Progressive"
"STUDIO1","FFC","Pin 1 Capture","20","MFMediaType_Video","MFVideoFormat_H264","5000000","640x360","30/1","1:1","MFVideoInterlace_Progressive"
"STUDIO1","FFC","Pin 1 Capture","21","MFMediaType_Video","MFVideoFormat_H264","5000000","640x360","15/1","1:1","MFVideoInterlace_Progressive"
"STUDIO1","FFC","Pin 1 Capture","22","MFMediaType_Video","MFVideoFormat_H264","5000000","640x360","30/1","1:1","MFVideoInterlace_Progressive"
"STUDIO1","FFC","Pin 1 Capture","23","MFMediaType_Video","MFVideoFormat_H264","5000000","640x360","15/1","1:1","MFVideoInterlace_Progressive"
"STUDIO1","FFC","Pin 1 Capture","24","MFMediaType_Video","MFVideoFormat_H264","2000000","480x270","30/1","1:1","MFVideoInterlace_Progressive"
"STUDIO1","FFC","Pin 1 Capture","25","MFMediaType_Video","MFVideoFormat_H264","2000000","480x270","15/1","1:1","MFVideoInterlace_Progressive"
"STUDIO1","FFC","Pin 1 Capture","26","MFMediaType_Video","MFVideoFormat_H264","2000000","480x270","30/1","1:1","MFVideoInterlace_Progressive"
"STUDIO1","FFC","Pin 1 Capture","27","MFMediaType_Video","MFVideoFormat_H264","2000000","480x270","15/1","1:1","MFVideoInterlace_Progressive"
"STUDIO1","FFC","Pin 1 Capture","28","MFMediaType_Video","MFVideoFormat_H264","2000000","424x240","30/1","1:1","MFVideoInterlace_Progressive"
"STUDIO1","FFC","Pin 1 Capture","29","MFMediaType_Video","MFVideoFormat_H264","2000000","424x240","15/1","1:1","MFVideoInterlace_Progressive"
"STUDIO1","FFC","Pin 1 Capture","30","MFMediaType_Video","MFVideoFormat_H264","2000000","424x240","30/1","1:1","MFVideoInterlace_Progressive"
"STUDIO1","FFC","Pin 1 Capture","31","MFMediaType_Video","MFVideoFormat_H264","2000000","424x240","15/1","1:1","MFVideoInterlace_Progressive"
"STUDIO1","FFC","Pin 1 Capture","32","MFMediaType_Video","MFVideoFormat_H264","1000000","320x240","30/1","1:1","MFVideoInterlace_Progressive"
"STUDIO1","FFC","Pin 1 Capture","33","MFMediaType_Video","MFVideoFormat_H264","1000000","320x240","15/1","1:1","MFVideoInterlace_Progressive"
"STUDIO1","FFC","Pin 1 Capture","34","MFMediaType_Video","MFVideoFormat_H264","1000000","320x240","30/1","1:1","MFVideoInterlace_Progressive"
"STUDIO1","FFC","Pin 1 Capture","35","MFMediaType_Video","MFVideoFormat_H264","1000000","320x240","15/1","1:1","MFVideoInterlace_Progressive"
"STUDIO1","FFC","Pin 1 Capture","36","MFMediaType_Video","MFVideoFormat_H264","1000000","320x180","30/1","1:1","MFVideoInterlace_Progressive"
"STUDIO1","FFC","Pin 1 Capture","37","MFMediaType_Video","MFVideoFormat_H264","1000000","320x180","15/1","1:1","MFVideoInterlace_Progressive"
"STUDIO1","FFC","Pin 1 Capture","38","MFMediaType_Video","MFVideoFormat_H264","1000000","320x180","30/1","1:1","MFVideoInterlace_Progressive"
"STUDIO1","FFC","Pin 1 Capture","39","MFMediaType_Video","MFVideoFormat_H264","1000000","320x180","15/1","1:1","MFVideoInterlace_Progressive"
"STUDIO1","FFC","Pin 1 Capture","40","MFMediaType_Video","MFVideoFormat_H264","1000000","160x120","30/1","1:1","MFVideoInterlace_Progressive"
"STUDIO1","FFC","Pin 1 Capture","41","MFMediaType_Video","MFVideoFormat_H264","1000000","160x120","15/1","1:1","MFVideoInterlace_Progressive"
"STUDIO1","FFC","Pin 1 Capture","42","MFMediaType_Video","MFVideoFormat_H264","1000000","160x120","30/1","1:1","MFVideoInterlace_Progressive"
"STUDIO1","FFC","Pin 1 Capture","43","MFMediaType_Video","MFVideoFormat_H264","1000000","160x120","15/1","1:1","MFVideoInterlace_Progressive"
